config,build?,reproducible?
0001,True,True
0002,True,True
0003,True,True
0004,True,True
0005,True,False
0006,True,False
0007,True,True
0008,True,True
0009,True,False
0010,True,True
0011,True,True
0012,True,False
0013,True,True
0014,True,True
0015,True,False
0016,True,False
0017,True,True
0018,True,False
0019,True,False
0020,False,True
0021,True,True
0022,True,False
0023,True,True
0024,True,False
0025,True,False
0026,True,True
0027,True,False
0028,True,False
0029,True,True
0030,True,True
0031,True,False
0032,True,True
0033,True,True
0034,True,False
0035,False,True
0036,True,True
0037,True,False
0038,True,True
0039,True,True
0040,True,False
0041,True,True
0042,False,True
0043,True,False
0044,True,False
0045,True,True
0046,True,True
0047,True,False
0048,True,True
0049,True,True
0050,True,True
0051,False,True
0052,True,True
0053,True,False
0054,True,True
0055,True,False
0056,True,False
0057,True,False
0058,True,False
0059,True,True
0060,True,False
0061,True,True
0062,True,True
0063,False,True
0064,False,True
0065,True,True
0066,False,True
0067,True,True
0068,True,False
0069,True,False
0070,True,False
0071,True,True
0072,False,True
0073,True,True
0074,True,True
0075,True,False
0076,True,True
0077,True,True
0078,True,False
0079,True,False
0080,True,True
0081,True,True
0082,True,False
0083,True,False
0084,True,False
0085,True,True
0086,True,False
0087,True,False
0088,True,False
0089,True,False
0090,True,True
0091,True,True
0092,True,False
0093,True,False
0094,True,True
0095,True,True
0096,True,True
0097,True,False
0098,True,True
0099,True,True
0100,True,False
0101,True,False
0102,True,True
0103,True,True
0104,True,True
0105,False,True
0106,False,True
0107,True,True
0108,True,False
0109,True,True
0110,True,True
0111,True,True
0112,True,True
0113,True,True
0114,True,False
0115,True,True
0116,True,True
0117,True,True
0118,True,False
0119,True,False
0120,True,False
0121,True,True
0122,True,False
0123,True,True
0124,True,True
0125,False,True
0126,True,True
0127,True,False
0128,True,True
0129,True,False
0130,True,True
0131,True,False
0132,False,True
0133,False,True
0134,True,False
0135,True,True
0136,True,False
0137,True,True
0138,True,False
0139,True,True
0140,False,True
0141,True,True
0142,True,False
0143,True,True
0144,True,True
0145,True,True
0146,True,False
0147,True,True
0148,True,True
0149,True,False
0150,True,True
0151,True,True
0152,True,False
0153,True,False
0154,True,True
0155,True,False
0156,True,False
0157,True,False
0158,True,True
0159,True,False
0160,True,True
0161,True,False
0162,True,False
0163,True,False
0164,True,True
0165,True,False
0166,True,False
0167,True,False
0168,True,False
0169,False,True
0170,True,False
0171,False,True
0172,True,False
0173,True,True
0174,True,False
0175,False,True
0176,True,False
0177,True,False
0178,True,False
0179,True,True
0180,True,False
0181,True,False
0182,False,True
0183,True,True
0184,True,False
0185,True,False
0186,True,True
0187,True,True
0188,True,False
0189,True,True
0190,True,True
0191,True,True
0192,True,False
0193,True,True
0194,True,False
0195,True,True
0196,True,False
0197,False,True
0198,True,False
0199,True,False
0200,True,True
0201,True,False
0202,False,True
0203,True,False
0204,True,False
0205,True,False
0206,True,True
0207,True,True
0208,True,False
0209,True,True
0210,True,True
0211,True,False
0212,True,True
0213,True,False
0214,True,False
0215,True,True
0216,True,False
0217,True,False
0218,True,False
0219,True,False
0220,True,True
0221,True,True
0222,False,True
0223,True,True
0224,True,False
0225,True,False
0226,True,True
0227,True,False
0228,True,True
0229,True,True
0230,True,False
0231,True,True
0232,True,True
0233,True,True
0234,True,False
0235,False,True
0236,True,False
0237,True,True
0238,False,True
0239,True,True
0240,True,True
0241,True,False
0242,True,True
0243,True,True
0244,True,True
0245,True,False
0246,True,True
0247,True,False
0248,True,False
0249,True,True
0250,True,True
0251,True,False
0252,True,True
0253,True,True
0254,True,True
0255,True,False
0256,True,True
0257,True,False
0258,True,False
0259,True,True
0260,True,False
0261,True,True
0262,False,True
0263,True,True
0264,True,True
0265,True,True
0266,True,False
0267,True,False
0268,True,True
0269,True,True
0270,True,False
0271,True,False
0272,False,True
0273,False,True
0274,True,True
0275,True,True
0276,True,True
0277,True,True
0278,True,True
0279,True,False
0280,True,False
0281,True,True
0282,True,True
0283,True,True
0284,True,False
0285,True,True
0286,True,True
0287,False,True
0288,True,False
0289,True,False
0290,True,False
0291,True,False
0292,True,False
0293,True,True
0294,True,False
0295,True,True
0296,True,False
0297,True,False
0298,True,True
0299,True,False
0300,True,True
0301,True,False
0302,True,True
0303,True,True
0304,True,False
0305,True,True
0306,True,True
0307,True,True
0308,True,True
0309,True,False
0310,False,True
0311,True,False
0312,True,False
0313,True,False
0314,True,False
0315,True,False
0316,True,True
0317,True,True
0318,True,True
0319,True,False
0320,True,True
0321,True,False
0322,True,False
0323,True,True
0324,False,True
0325,True,False
0326,True,True
0327,True,True
0328,True,False
0329,True,False
0330,True,False
0331,False,True
0332,True,False
0333,True,True
0334,True,True
0335,True,False
0336,True,False
0337,True,True
0338,True,True
0339,True,True
0340,True,True
0341,False,True
0342,True,True
0343,True,False
0344,True,True
0345,True,False
0346,True,True
0347,True,False
0348,True,True
0349,True,True
0350,False,True
0351,True,True
0352,True,False
0353,True,False
0354,True,False
0355,True,True
0356,True,True
0357,False,True
0358,True,False
0359,False,True
0360,True,False
0361,True,True
0362,True,False
0363,False,True
0364,True,False
0365,True,True
0366,True,True
0367,True,False
0368,True,True
0369,True,True
0370,True,True
0371,True,True
0372,True,False
0373,True,False
0374,True,True
0375,True,True
0376,True,True
0377,True,True
0378,True,False
0379,False,True
0380,True,False
0381,True,True
0382,False,True
0383,False,True
0384,True,True
0385,True,False
0386,True,True
0387,True,True
0388,True,False
0389,True,False
0390,True,True
0391,True,True
0392,True,True
0393,True,True
0394,True,False
0395,True,True
0396,True,False
0397,True,True
0398,True,False
0399,True,False
0400,True,True
0401,False,True
0402,True,False
0403,True,False
0404,True,True
0405,True,True
0406,True,True
0407,True,False
0408,True,False
0409,True,False
0410,True,True
0411,True,False
0412,True,True
0413,True,False
0414,True,False
0415,True,True
0416,True,True
0417,False,True
0418,True,False
0419,True,False
0420,True,False
0421,True,False
0422,True,False
0423,True,False
0424,True,True
0425,True,False
0426,True,False
0427,True,True
0428,True,True
0429,True,True
0430,True,True
0431,True,True
0432,True,False
0433,True,True
0434,True,True
0435,True,False
0436,True,True
0437,True,True
0438,True,False
0439,True,True
0440,True,True
0441,True,False
0442,True,True
0443,True,True
0444,True,True
0445,True,True
0446,False,True
0447,True,False
0448,True,False
0449,True,False
0450,True,False
0451,True,True
0452,True,True
0453,True,False
0454,True,False
0455,True,False
0456,True,False
0457,True,False
0458,True,False
0459,True,False
0460,False,True
0461,True,False
0462,True,True
0463,False,True
0464,True,True
0465,True,True
0466,True,False
0467,True,True
0468,True,True
0469,True,False
0470,True,False
0471,True,False
0472,True,True
0473,True,False
0474,True,True
0475,True,False
0476,True,True
0477,True,False
0478,True,False
0479,True,True
0480,True,True
0481,True,False
0482,True,True
0483,True,False
0484,True,True
0485,True,False
0486,True,True
0487,True,True
0488,True,False
0489,True,False
0490,True,True
0491,False,True
0492,True,True
0493,True,True
0494,True,False
0495,True,False
0496,True,False
0497,True,True
0498,True,True
0499,True,False
0500,True,True
0501,True,False
0502,True,True
0503,True,True
0504,True,True
0505,True,False
0506,True,False
0507,True,False
0508,True,True
0509,True,True
0510,True,True
0511,True,False
0512,True,False
0513,True,True
0514,True,True
0515,False,True
0516,True,True
0517,True,True
0518,True,True
0519,True,True
0520,True,True
0521,True,False
0522,True,False
0523,False,True
0524,True,False
0525,True,True
0526,True,True
0527,True,True
0528,True,True
0529,True,False
0530,True,False
0531,True,True
0532,False,True
0533,True,False
0534,True,False
0535,True,True
0536,True,True
0537,True,True
0538,True,True
0539,True,True
0540,True,False
0541,True,False
0542,True,False
0543,True,True
0544,True,False
0545,False,True
0546,True,False
0547,True,False
0548,False,True
0549,True,False
0550,True,False
0551,True,True
0552,True,True
0553,True,True
0554,True,True
0555,True,False
0556,False,True
0557,True,False
0558,True,True
0559,True,False
0560,True,False
0561,True,False
0562,True,True
0563,True,True
0564,True,False
0565,True,True
0566,True,True
0567,True,False
0568,True,False
0569,True,False
0570,True,True
0571,True,True
0572,True,True
0573,False,True
0574,True,False
0575,True,False
0576,True,True
0577,False,True
0578,True,True
0579,True,True
0580,True,True
0581,False,True
0582,False,True
0583,True,False
0584,True,True
0585,True,True
0586,True,False
0587,True,False
0588,True,True
0589,True,False
0590,True,False
0591,True,False
0592,True,True
0593,True,False
0594,True,True
0595,True,True
0596,True,False
0597,True,False
0598,False,True
0599,True,True
0600,True,True
0601,True,True
0602,True,False
0603,True,True
0604,True,False
0605,True,False
0606,True,True
0607,True,False
0608,True,False
0609,True,True
0610,True,True
0611,True,False
0612,False,True
0613,True,True
0614,True,False
0615,True,True
0616,True,True
0617,True,False
0618,True,True
0619,True,True
0620,False,True
0621,True,False
0622,True,False
0623,True,False
0624,True,False
0625,True,True
0626,True,True
0627,True,True
0628,True,True
0629,True,False
0630,True,False
0631,True,False
0632,False,True
0633,True,False
0634,True,False
0635,True,True
0636,True,True
0637,True,False
0638,True,True
0639,True,False
0640,True,False
0641,True,True
0642,True,False
0643,True,False
0644,True,False
0645,True,False
0646,True,True
0647,True,True
0648,True,True
0649,True,False
0650,True,True
0651,True,True
0652,True,True
0653,False,True
0654,True,True
0655,True,False
0656,True,False
0657,True,True
0658,True,False
0659,True,False
0660,True,False
0661,True,False
0662,True,False
0663,True,True
0664,True,True
0665,True,False
0666,True,True
0667,True,False
0668,True,False
0669,True,True
0670,True,True
0671,True,False
0672,True,True
0673,True,False
0674,True,True
0675,True,True
0676,True,True
0677,True,True
0678,True,False
0679,True,False
0680,True,True
0681,True,False
0682,True,False
0683,True,False
0684,True,True
0685,True,True
0686,False,True
0687,True,True
0688,True,True
0689,True,False
0690,True,True
0691,True,True
0692,True,False
0693,True,False
0694,True,False
0695,True,True
0696,True,False
0697,True,False
0698,True,False
0699,True,False
0700,True,True
0701,True,False
0702,True,True
0703,True,False
0704,True,False
0705,False,True
0706,True,True
0707,True,True
0708,True,False
0709,True,False
0710,True,False
0711,True,False
0712,True,False
0713,True,True
0714,True,False
0715,True,False
0716,True,False
0717,True,True
0718,True,False
0719,False,True
0720,True,True
0721,True,True
0722,True,False
0723,True,False
0724,True,False
0725,True,True
0726,True,True
0727,True,False
0728,True,False
0729,False,True
0730,True,False
0731,True,True
0732,True,True
0733,True,False
0734,True,True
0735,True,False
0736,True,True
0737,True,True
0738,True,True
0739,True,False
0740,True,True
0741,True,False
0742,True,True
0743,True,False
0744,True,True
0745,True,True
0746,True,False
0747,True,False
0748,True,True
0749,False,True
0750,True,False
0751,True,False
0752,True,True
0753,True,True
0754,True,True
0755,True,True
0756,True,True
0757,True,True
0758,True,False
0759,True,False
0760,True,False
0761,True,True
0762,True,True
0763,True,False
0764,True,True
0765,True,True
0766,True,False
0767,True,True
0768,True,True
0769,True,False
0770,True,False
0771,True,False
0772,True,True
0773,True,True
0774,True,False
0775,True,False
0776,True,False
0777,True,True
0778,True,False
0779,True,True
0780,True,True
0781,True,True
0782,True,True
0783,True,True
0784,True,True
0785,True,True
0786,True,False
0787,True,True
0788,True,True
0789,True,False
0790,True,False
0791,True,True
0792,True,False
0793,True,True
0794,True,True
0795,True,True
0796,True,True
0797,True,False
0798,True,False
0799,False,True
0800,True,True
0801,True,True
0802,True,False
0803,True,False
0804,True,True
0805,False,True
0806,False,True
0807,False,True
0808,False,True
0809,True,True
0810,True,False
0811,True,True
0812,True,True
0813,True,True
0814,True,False
0815,True,False
0816,True,False
0817,False,True
0818,True,False
0819,True,False
0820,False,True
0821,True,False
0822,True,False
0823,False,True
0824,True,False
0825,True,True
0826,True,False
0827,True,True
0828,True,False
0829,True,False
0830,False,True
0831,True,True
0832,True,True
0833,True,False
0834,True,False
0835,True,True
0836,True,True
0837,True,True
0838,True,True
0839,True,False
0840,True,True
0841,False,True
0842,True,True
0843,True,False
0844,True,False
0845,True,False
0846,True,False
0847,True,True
0848,True,True
0849,True,False
0850,True,True
0851,True,False
0852,True,True
0853,True,True
0854,True,True
0855,True,False
0856,True,True
0857,True,False
0858,True,True
0859,True,False
0860,True,False
0861,True,False
0862,False,True
0863,True,True
0864,True,True
0865,True,False
0866,True,False
0867,True,False
0868,True,False
0869,True,False
0870,True,True
0871,True,False
0872,True,True
0873,True,True
0874,True,False
0875,False,True
0876,True,True
0877,True,True
0878,True,False
0879,True,False
0880,True,True
0881,True,True
0882,True,True
0883,True,True
0884,True,True
0885,True,False
0886,True,False
0887,True,True
0888,True,False
0889,True,False
0890,True,False
0891,True,True
0892,True,False
0893,True,False
0894,False,True
0895,True,False
0896,True,True
0897,False,True
0898,True,True
0899,True,True
0900,True,False
0901,True,False
0902,False,True
0903,True,False
0904,True,True
0905,True,False
0906,True,False
0907,False,True
0908,True,True
0909,True,True
0910,True,True
0911,True,True
0912,True,True
0913,True,True
0914,False,True
0915,True,False
0916,True,False
0917,True,True
0918,True,False
0919,True,False
0920,True,True
0921,True,False
0922,True,True
0923,True,True
0924,True,False
0925,True,False
0926,True,True
0927,True,False
0928,True,False
0929,True,False
0930,True,True
0931,True,True
0932,True,True
0933,True,True
0934,True,False
0935,True,True
0936,True,True
0937,True,True
0938,True,True
0939,True,True
0940,True,True
0941,False,True
0942,True,True
0943,True,False
0944,True,False
0945,False,True
0946,True,True
0947,True,False
0948,True,True
0949,True,True
0950,True,False
0951,True,False
0952,True,False
0953,False,True
0954,True,False
0955,True,False
0956,True,False
0957,True,True
0958,True,True
0959,True,True
0960,True,False
0961,True,False
0962,True,True
0963,True,True
0964,True,True
0965,True,True
0966,True,True
0967,True,False
0968,True,False
0969,True,True
0970,True,True
0971,True,False
0972,False,True
0973,True,True
0974,False,True
0975,True,True
0976,True,False
0977,True,False
0978,True,False
0979,True,True
0980,True,False
0981,True,False
0982,True,True
0983,True,True
0984,True,False
0985,True,False
0986,True,False
0987,True,False
0988,True,False
0989,True,True
0990,False,True
0991,True,False
0992,True,True
0993,True,True
0994,True,True
0995,True,True
0996,True,False
0997,True,False
0998,True,True
0999,True,True
1000,True,True
1001,True,False
1002,True,True
1003,True,False
1004,True,True
1005,True,True
1006,True,True
1007,True,False
1008,False,True
1009,True,True
1010,False,True
1011,True,True
1012,True,True
1013,True,True
1014,True,True
1015,True,True
1016,True,True
1017,True,False
1018,False,True
1019,True,True
1020,True,False
1021,True,True
1022,True,True
1023,True,True
1024,True,True
1025,True,False
1026,True,True
1027,False,True
1028,False,True
1029,False,True
1030,True,True
1031,True,False
1032,True,False
1033,True,True
1034,False,True
1035,True,True
1036,True,True
1037,True,True
1038,True,False
1039,True,True
1040,False,True
1041,True,True
1042,True,True
1043,True,True
1044,True,False
1045,True,True
1046,True,False
1047,True,True
1048,True,False
1049,True,True
1050,True,True
1051,True,False
1052,False,True
1053,True,False
1054,False,True
1055,True,True
1056,True,True
1057,True,True
1058,True,False
1059,True,True
1060,True,True
1061,True,False
1062,True,False
1063,True,True
1064,True,False
1065,True,True
1066,True,True
1067,True,True
1068,True,False
1069,True,True
1070,True,True
1071,True,True
1072,True,False
1073,True,True
1074,True,False
1075,True,True
1076,True,True
1077,True,False
1078,True,True
1079,True,True
1080,True,False
1081,False,True
1082,True,False
1083,True,True
1084,True,True
1085,True,True
1086,True,True
1087,True,False
1088,True,True
1089,True,False
1090,True,False
1091,True,True
1092,True,False
1093,True,False
1094,True,True
1095,True,True
1096,True,True
1097,True,False
1098,True,False
1099,True,False
1100,True,True
1101,True,False
1102,True,False
1103,True,True
1104,True,True
1105,True,True
1106,True,True
1107,True,True
1108,True,True
1109,True,True
1110,True,True
1111,True,True
1112,True,True
1113,True,True
1114,True,False
1115,False,True
1116,True,True
1117,True,False
1118,True,True
1119,True,False
1120,True,False
1121,True,False
1122,True,False
1123,True,False
1124,True,True
1125,True,True
1126,True,True
1127,True,True
1128,True,False
1129,True,False
1130,True,True
1131,True,False
1132,True,False
1133,True,True
1134,True,True
1135,True,False
1136,True,False
1137,True,True
1138,True,False
1139,True,True
1140,True,True
1141,True,True
1142,True,False
1143,True,False
1144,True,False
1145,True,True
1146,True,True
1147,True,False
1148,True,False
1149,True,True
1150,True,True
1151,True,True
1152,True,True
1153,True,False
1154,True,False
1155,True,True
1156,False,True
1157,True,True
1158,False,True
1159,True,True
1160,True,True
1161,True,True
1162,True,False
1163,True,True
1164,True,False
1165,False,True
1166,True,True
1167,True,True
1168,True,False
1169,True,False
1170,True,True
1171,True,False
1172,True,True
1173,True,True
1174,True,False
1175,True,False
1176,True,False
1177,True,True
1178,True,True
1179,True,False
1180,True,False
1181,True,True
1182,True,True
1183,True,False
1184,True,False
1185,True,True
1186,True,False
1187,True,False
1188,True,False
1189,True,True
1190,True,False
1191,True,True
1192,True,True
1193,True,True
1194,False,True
1195,False,True
1196,True,False
1197,True,False
1198,True,False
1199,True,False
1200,False,True
1201,True,True
1202,True,True
1203,True,False
1204,True,False
1205,True,True
1206,True,True
1207,True,True
1208,True,False
1209,True,True
1210,True,False
1211,True,False
1212,True,True
1213,True,True
1214,True,True
1215,True,True
1216,False,True
1217,True,False
1218,True,True
1219,False,True
1220,True,True
1221,True,False
1222,False,True
1223,True,False
1224,True,False
1225,True,False
1226,True,False
1227,True,True
1228,False,True
1229,True,False
1230,True,False
1231,True,False
1232,True,True
1233,True,False
1234,True,False
1235,False,True
1236,False,True
1237,True,False
1238,True,True
1239,True,True
1240,True,True
1241,True,False
1242,True,True
1243,True,True
1244,True,False
1245,True,False
1246,True,True
1247,True,False
1248,True,True
1249,True,True
1250,True,True
1251,True,False
1252,True,False
1253,True,True
1254,True,False
1255,True,False
1256,True,True
1257,True,False
1258,True,False
1259,False,True
1260,True,True
1261,True,False
1262,True,True
1263,True,False
1264,False,True
1265,True,True
1266,True,True
1267,True,True
1268,True,False
1269,True,True
1270,True,True
1271,True,True
1272,True,True
1273,True,True
1274,True,True
1275,True,True
1276,True,True
1277,True,True
1278,True,False
1279,True,False
1280,True,True
1281,True,False
1282,True,False
1283,True,True
1284,True,False
1285,True,True
1286,True,False
1287,True,True
1288,True,True
1289,True,True
1290,True,False
1291,True,False
1292,True,True
1293,True,True
1294,False,True
1295,True,True
1296,True,True
1297,True,True
1298,True,True
1299,True,False
1300,True,False
1301,True,True
1302,True,False
1303,True,False
1304,True,True
1305,True,False
1306,True,False
1307,True,False
1308,True,False
1309,True,False
1310,True,True
1311,True,False
1312,True,True
1313,True,False
1314,True,False
1315,True,False
1316,True,False
1317,True,True
1318,True,True
1319,True,False
1320,True,True
1321,True,True
1322,True,True
1323,True,False
1324,True,True
1325,False,True
1326,True,False
1327,True,False
1328,True,True
1329,True,True
1330,True,False
1331,True,True
1332,True,True
1333,True,True
1334,True,False
1335,True,True
1336,True,True
1337,True,False
1338,True,True
1339,True,False
1340,True,False
1341,True,False
1342,True,False
1343,True,False
1344,True,True
1345,True,True
1346,True,True
1347,True,True
1348,True,False
1349,True,False
1350,True,False
1351,True,True
1352,True,False
1353,True,False
1354,True,False
1355,True,False
1356,True,False
1357,True,False
1358,True,True
1359,True,False
1360,True,True
1361,True,True
1362,True,False
1363,True,False
1364,True,True
1365,True,True
1366,True,False
1367,True,True
1368,True,False
1369,True,False
1370,True,True
1371,True,False
1372,False,True
1373,True,False
1374,True,False
1375,True,True
1376,True,False
1377,True,True
1378,True,False
1379,True,True
1380,True,False
1381,True,False
1382,True,False
1383,True,True
1384,True,False
1385,False,True
1386,True,True
1387,True,True
1388,True,True
1389,True,True
1390,True,False
1391,True,False
1392,True,True
1393,True,True
1394,True,False
1395,True,False
1396,True,False
1397,False,True
1398,True,False
1399,True,False
1400,True,False
1401,True,True
1402,True,True
1403,True,False
1404,False,True
1405,True,False
1406,True,False
1407,True,False
1408,True,False
1409,True,True
1410,True,False
1411,True,True
1412,False,True
1413,True,True
1414,True,True
1415,True,True
1416,True,False
1417,True,False
1418,True,False
1419,True,False
1420,True,True
1421,True,False
1422,True,False
1423,False,True
1424,True,False
1425,True,True
1426,True,False
1427,True,True
1428,True,True
1429,True,True
1430,True,True
1431,True,False
1432,True,True
1433,True,False
1434,True,True
1435,True,False
1436,True,False
1437,True,True
1438,True,False
1439,True,False
1440,True,True
1441,True,True
1442,True,True
1443,True,False
1444,True,False
1445,True,True
1446,True,False
1447,True,False
1448,True,False
1449,True,True
1450,True,True
1451,True,False
1452,True,False
1453,True,False
1454,False,True
1455,True,True
1456,True,False
1457,True,True
1458,False,True
1459,True,True
1460,True,True
1461,True,True
1462,True,True
1463,True,True
1464,False,True
1465,True,True
1466,True,True
1467,True,True
1468,True,True
1469,True,True
1470,True,True
1471,True,False
1472,True,True
1473,True,False
1474,True,True
1475,True,True
1476,True,False
1477,True,True
1478,True,True
1479,True,False
1480,True,True
1481,False,True
1482,True,True
1483,True,False
1484,True,True
1485,True,True
1486,True,False
1487,True,True
1488,True,False
1489,True,False
1490,True,False
1491,False,True
1492,True,False
1493,True,True
1494,True,False
1495,True,False
1496,True,False
1497,True,True
1498,True,False
1499,True,False
1500,True,True
1501,True,True
1502,False,True
1503,False,True
1504,True,True
1505,True,False
1506,True,False
1507,True,True
1508,True,False
1509,True,False
1510,True,True
1511,True,True
1512,True,False
1513,True,True
1514,True,True
1515,True,False
1516,True,True
1517,True,True
1518,True,False
1519,True,False
1520,True,True
1521,True,False
1522,True,False
1523,True,True
1524,True,False
1525,True,False
1526,True,True
1527,False,True
1528,True,False
1529,True,False
1530,True,False
1531,True,False
1532,True,False
1533,True,False
1534,True,True
1535,False,True
1536,True,True
1537,True,False
1538,True,True
1539,True,False
1540,True,False
1541,True,True
1542,True,True
1543,True,False
1544,True,False
1545,True,True
1546,True,True
1547,False,True
1548,True,True
1549,False,True
1550,True,True
1551,True,False
1552,True,False
1553,True,True
1554,True,False
1555,False,True
1556,True,True
1557,True,True
1558,True,False
1559,True,False
1560,True,True
1561,True,True
1562,True,False
1563,True,False
1564,True,True
1565,True,True
1566,True,True
1567,True,True
1568,True,True
1569,False,True
1570,True,False
1571,True,False
1572,False,True
1573,True,True
1574,True,False
1575,True,True
1576,True,True
1577,True,True
1578,True,True
1579,True,False
1580,True,False
1581,True,False
1582,True,False
1583,True,True
1584,True,False
1585,True,False
1586,True,True
1587,True,True
1588,True,True
1589,True,True
1590,True,True
1591,False,True
1592,True,True
1593,True,False
1594,False,True
1595,True,False
1596,True,True
1597,True,False
1598,True,True
1599,True,False
1600,True,True
1601,True,False
1602,True,False
1603,True,False
1604,True,True
1605,True,False
1606,True,True
1607,True,True
1608,False,True
1609,True,False
1610,True,False
1611,True,True
1612,True,True
1613,True,False
1614,False,True
1615,True,False
1616,False,True
1617,True,True
1618,True,True
1619,True,False
1620,True,False
1621,True,False
1622,True,True
1623,True,False
1624,True,True
1625,True,True
1626,True,False
1627,True,True
1628,True,True
1629,True,False
1630,True,True
1631,True,True
1632,True,False
1633,True,True
1634,True,True
1635,True,True
1636,True,False
1637,True,True
1638,True,True
1639,True,True
1640,True,False
1641,False,True
1642,True,False
1643,True,True
1644,True,True
1645,True,False
1646,True,True
1647,True,True
1648,True,False
1649,True,False
1650,True,False
1651,True,False
1652,True,False
1653,True,True
1654,False,True
1655,True,True
1656,True,False
1657,True,False
1658,True,True
1659,True,False
1660,True,True
1661,True,True
1662,True,False
1663,True,True
1664,True,True
1665,True,False
1666,True,False
1667,True,True
1668,True,False
1669,True,True
1670,True,False
1671,True,False
1672,True,False
1673,True,False
1674,True,True
1675,True,True
1676,True,False
1677,True,False
1678,True,True
1679,True,True
1680,True,True
1681,True,True
1682,True,False
1683,False,True
1684,True,False
1685,True,False
1686,False,True
1687,True,False
1688,True,True
1689,True,False
1690,True,True
1691,True,True
1692,True,False
1693,True,False
1694,True,False
1695,True,False
1696,True,False
1697,True,False
1698,True,False
1699,False,True
1700,True,False
1701,True,True
1702,True,True
1703,True,True
1704,True,True
1705,True,False
1706,True,False
1707,True,True
1708,True,False
1709,True,True
1710,True,True
1711,True,False
1712,True,False
1713,True,True
1714,True,True
1715,True,True
1716,True,False
1717,True,False
1718,True,False
1719,True,True
1720,True,True
1721,False,True
1722,True,True
1723,True,True
1724,True,False
1725,True,False
1726,False,True
1727,True,False
1728,True,False
1729,True,True
1730,True,False
1731,True,False
1732,True,False
1733,True,False
1734,True,False
1735,True,True
1736,False,True
1737,True,True
1738,True,True
1739,True,False
1740,True,True
1741,True,False
1742,True,True
1743,True,False
1744,True,True
1745,True,True
1746,True,True
1747,True,False
1748,True,False
1749,True,False
1750,True,False
1751,True,True
1752,True,False
1753,False,True
1754,True,True
1755,True,True
1756,False,True
1757,True,True
1758,True,True
1759,True,True
1760,True,True
1761,False,True
1762,True,True
1763,True,False
1764,True,True
1765,True,True
1766,False,True
1767,True,True
1768,True,False
1769,True,True
1770,True,False
1771,False,True
1772,True,False
1773,True,False
1774,False,True
1775,True,True
1776,True,False
1777,True,True
1778,True,False
1779,True,True
1780,True,False
1781,True,False
1782,True,True
1783,True,True
1784,False,True
1785,False,True
1786,True,False
1787,True,True
1788,True,True
1789,True,False
1790,True,True
1791,True,True
1792,False,True
1793,True,False
1794,False,True
1795,False,True
1796,True,False
1797,True,True
1798,True,False
1799,True,True
1800,True,True
1801,True,False
1802,True,False
1803,True,False
1804,True,True
1805,False,True
1806,True,True
1807,True,False
1808,True,True
1809,True,True
1810,True,False
1811,False,True
1812,True,False
1813,True,False
1814,True,True
1815,True,True
1816,True,False
1817,True,True
1818,True,True
1819,True,True
1820,True,False
1821,True,False
1822,True,False
1823,True,True
1824,True,False
1825,True,False
1826,False,True
1827,True,True
1828,True,False
1829,True,True
1830,True,False
1831,True,False
1832,True,False
1833,True,False
1834,True,True
1835,True,False
1836,True,True
1837,False,True
1838,True,False
1839,True,True
1840,True,True
1841,True,False
1842,False,True
1843,True,False
1844,True,True
1845,True,True
1846,True,False
1847,True,False
1848,True,True
1849,True,False
1850,True,False
1851,True,True
1852,True,False
1853,True,True
1854,True,True
1855,True,False
1856,True,True
1857,True,True
1858,True,False
1859,True,True
1860,True,True
1861,True,True
1862,True,True
1863,True,True
1864,True,True
1865,True,True
1866,True,True
1867,True,False
1868,True,True
1869,True,False
1870,True,False
1871,True,False
1872,True,True
1873,True,True
1874,True,True
1875,True,False
1876,True,True
1877,False,True
1878,True,True
1879,True,True
1880,True,True
1881,False,True
1882,True,False
1883,False,True
1884,True,False
1885,True,False
1886,True,True
1887,True,True
1888,True,True
1889,True,False
1890,True,False
1891,False,True
1892,True,False
1893,True,True
1894,True,True
1895,True,True
1896,True,True
1897,True,False
1898,True,True
1899,True,True
1900,False,True
1901,False,True
1902,True,True
1903,True,False
1904,True,True
1905,True,True
1906,True,True
1907,True,False
1908,True,True
1909,True,True
1910,True,True
1911,False,True
1912,True,True
1913,True,False
1914,True,False
1915,True,False
1916,True,False
1917,True,False
1918,True,True
1919,True,True
1920,False,True
1921,True,True
1922,True,True
1923,True,False
1924,False,True
1925,True,True
1926,True,True
1927,True,True
1928,True,True
1929,True,False
1930,True,True
1931,True,True
1932,True,False
1933,True,True
1934,False,True
1935,True,True
1936,True,False
1937,True,False
1938,True,False
1939,True,False
1940,True,False
1941,True,False
1942,True,False
1943,True,True
1944,True,False
1945,True,False
1946,False,True
1947,True,True
1948,True,False
1949,True,False
1950,True,False
1951,True,True
1952,True,False
1953,True,True
1954,True,True
1955,True,False
1956,True,True
1957,True,True
1958,True,False
1959,True,True
1960,False,True
1961,True,False
1962,True,True
1963,True,False
1964,True,True
1965,True,True
1966,True,True
1967,True,True
1968,True,False
1969,True,False
1970,True,True
1971,True,False
1972,True,False
1973,True,False
1974,True,True
1975,True,False
1976,True,True
1977,True,True
1978,False,True
1979,True,True
1980,True,True
1981,False,True
1982,True,True
1983,True,True
1984,True,True
1985,True,False
1986,True,True
1987,True,False
1988,True,False
1989,True,False
1990,True,True
1991,True,True
1992,False,True
1993,True,True
1994,True,False
1995,True,False
1996,True,True
1997,True,True
1998,True,False
1999,True,True
2000,True,True